mode_transport,moyenne_ratio_transport
Maritime,146.2943616070731
Routier,131.0616042278947
Ferroviaire,113.92385280729161
Aérien,95.29861527760424
