mois,total_droits_taxes
2024-05,1878281.9499999997
2024-10,1699175.61
2024-02,1690599.8199999998
2024-06,1680531.53
2024-04,1668547.4700000004
2024-12,1661076.1499999994
2024-08,1609926.5599999996
2024-01,1563498.18
2024-11,1265935.47
2024-07,1083578.43
2024-09,1052855.94
2024-03,1032849.1999999998
