code_SH,produit_le_plus_taxé
8703,184897162.75999984
8471,180708048.58000004
1006,171647432.54000002
6203,165119952.40000004
2710,162841682.75000006
3004,161811242.74999994
